"File","Line","Text"
"appendices\appA_fixed_scope_exhaustion_core.tex","6","\begin{manualdefinition}[D.1 (Evaluated fragment / fixed typed domain)]"
"appendices\appA_fixed_scope_exhaustion_core.tex","7","\phantomsection\manualcurrentlabel{D.1}\label{def:p4-evaluated-fragment}"
"appendices\appA_fixed_scope_exhaustion_core.tex","11","\begin{manualdefinition}[D.2 (Gate on the evaluated fragment)]"
"appendices\appA_fixed_scope_exhaustion_core.tex","12","\phantomsection\manualcurrentlabel{D.2}\label{def:p4-gate}"
"appendices\appA_fixed_scope_exhaustion_core.tex","16","\begin{manualdefinition}[D.3 (Standing-relevant discriminator)]"
"appendices\appA_fixed_scope_exhaustion_core.tex","17","\phantomsection\manualcurrentlabel{D.3}\label{def:p4-standing-relevant-discriminator}"
"appendices\appA_fixed_scope_exhaustion_core.tex","21","\begin{manualdefinition}[D.4 (Admissibility-relevant parameterization)]"
"appendices\appA_fixed_scope_exhaustion_core.tex","22","\phantomsection\manualcurrentlabel{D.4}\label{def:p4-admissibility-parameterization}"
"appendices\appA_fixed_scope_exhaustion_core.tex","26","\begin{manuallemma}[D.5 (Gate induction)]"
"appendices\appA_fixed_scope_exhaustion_core.tex","27","\phantomsection\manualcurrentlabel{D.5}\label{lem:p4-gate-induction}"
"appendices\appA_fixed_scope_exhaustion_core.tex","35","\begin{manuallemma}[D.6 (No admissibility-relevant selector)]"
"appendices\appA_fixed_scope_exhaustion_core.tex","36","\phantomsection\manualcurrentlabel{D.6}\label{lem:p4-no-selector}"
"appendices\appA_fixed_scope_exhaustion_core.tex","44","\begin{manuallemma}[D.7 (Evaluated-fragment fixity)]"
"appendices\appA_fixed_scope_exhaustion_core.tex","45","\phantomsection\manualcurrentlabel{D.7}\label{lem:p4-evaluated-fragment-fixity}"
"appendices\appA_fixed_scope_exhaustion_core.tex","53","\begin{manuallemma}[D.8 (No competing gates)]"
"appendices\appA_fixed_scope_exhaustion_core.tex","54","\phantomsection\manualcurrentlabel{D.8}\label{lem:p4-no-competing-gates}"
"appendices\appA_fixed_scope_exhaustion_core.tex","62","\begin{manualtheorem}[D.9 (Structural Exhaustion core)]"
"appendices\appA_fixed_scope_exhaustion_core.tex","63","\phantomsection\manualcurrentlabel{D.9}\label{thm:p4-structural-exhaustion-core}"
"appendices\appA_fixed_scope_exhaustion_core.tex","74","\phantomsection\manualcurrentlabel{D.10}\label{cor:p4-closure-logic}"
"appendices\appB_local_analytic_realization.tex","12","\begin{manualproposition}[B.1 (Mean-zero torus Poisson solver)]"
"appendices\appB_local_analytic_realization.tex","13","\phantomsection\manualcurrentlabel{B.1}\label{prop:B1-mean-zero-poisson}"
"appendices\appB_local_analytic_realization.tex","54","\phantomsection\manualcurrentlabel{B.2}\label{cor:B2-pressure-reconstruction}"
"appendices\appB_local_analytic_realization.tex","86","\begin{manuallemma}[B.3 (Torus heat semigroup and Leray-projector bounds)]"
"appendices\appB_local_analytic_realization.tex","87","\phantomsection\manualcurrentlabel{B.3}\label{lem:B3-semigroup-leray}"
"appendices\appB_local_analytic_realization.tex","123","\begin{manualproposition}[B.4 (Mild bilinear estimate on $X_T^m$)]"
"appendices\appB_local_analytic_realization.tex","124","\phantomsection\manualcurrentlabel{B.4}\label{prop:B4-mild-bilinear}"
"appendices\appB_local_analytic_realization.tex","176","\begin{manualtheorem}[B.5 (Local mild realization window)]"
"appendices\appB_local_analytic_realization.tex","177","\phantomsection\manualcurrentlabel{B.5}\label{thm:B5-local-mild-window}"
"appendices\appB_local_analytic_realization.tex","235","\begin{manualproposition}[B.6 (Classical upgrade and smooth pressure on the local window)]"
"appendices\appB_local_analytic_realization.tex","236","\phantomsection\manualcurrentlabel{B.6}\label{prop:B6-classical-upgrade}"
"appendices\appB_local_analytic_realization.tex","269","\begin{manualtheorem}[B.7 (Overlap uniqueness for smooth periodic realizations)]"
"appendices\appB_local_analytic_realization.tex","270","\phantomsection\manualcurrentlabel{B.7}\label{thm:B7-overlap-uniqueness}"
"appendices\appB_local_analytic_realization.tex","320","\phantomsection\manualcurrentlabel{B.8}\label{cor:B8-local-analytic-packet}"
"appendices\appC_bkm_translation.tex","29","\begin{lemma}[BKM growth at a finite breakdown horizon]\label{lem:bkm-growth-at-breakdown}"
"appendices\appC_bkm_translation.tex","46","\begin{definition}[Finite-threshold BKM gate]\label{def:finite-threshold-bkm-gate}"
"appendices\appC_bkm_translation.tex","56","\begin{manualproposition}[C.3A (BKM observable as metric witness bookkeeping, not endpoint authority)]"
"appendices\appC_bkm_translation.tex","57","\phantomsection\manualcurrentlabel{C.3A}\label{prop:bkm-metric-witness-not-authority}"
"appendices\appC_bkm_translation.tex","65","\begin{proposition}[Worked translation: BKM-type continuation tests force $S3$]\label{prop:bkm-forces-s3}"
"appendices\appC_bkm_translation.tex","90","\begin{corollary}[Concrete PDE-to-carrier translation of one blow-up heuristic]\label{cor:concrete-bkm-translation}"
"appendices\appD_structural_bypass.tex","10","\begin{manualproposition}[C.1 (Structural replacement of the standard analytic walls)]"
"appendices\appD_structural_bypass.tex","46","\label{tab:appendix-obstruction-ledger}"
"appendices\appE_detailed_analytic_atlas.tex","11","\begin{equation}\label{eq:NS}"
"appendices\appE_detailed_analytic_atlas.tex","20","\begin{definition}[Navier--Stokes constraint bundle]\label{def:NS-bundle}"
"appendices\appE_detailed_analytic_atlas.tex","37","\begin{equation}\label{eq:scaling}"
"appendices\appE_detailed_analytic_atlas.tex","52","\begin{equation}\label{eq:energy}"
"appendices\appE_detailed_analytic_atlas.tex","56","\begin{definition}[Leray--Hopf weak solution]\label{def:LerayHopf}"
"appendices\appE_detailed_analytic_atlas.tex","63","\begin{theorem}[Leray--Hopf existence {\cite{leray1934,hopf1951}}]"
"appendices\appE_detailed_analytic_atlas.tex","70","\begin{equation}\label{eq:vorticity}"
"appendices\appE_detailed_analytic_atlas.tex","74","\begin{equation}\label{eq:enstrophy}"
"appendices\appE_detailed_analytic_atlas.tex","79","\begin{definition}[Vortex-stretching tensor load]\label{def:stretching}"
"appendices\appE_detailed_analytic_atlas.tex","86","\begin{proposition}[The first wall]\label{prop:first-wall}"
"appendices\appE_detailed_analytic_atlas.tex","115","\begin{equation}\label{eq:mild}"
"appendices\appE_detailed_analytic_atlas.tex","120","\begin{theorem}[Prototype small-data global theory (Fujita--Kato paradigm)]"
"appendices\appE_detailed_analytic_atlas.tex","125","\begin{proposition}[The fixed-point wall]\label{prop:fixedpoint-wall}"
"appendices\appE_detailed_analytic_atlas.tex","133","\begin{theorem}[Serrin--Prodi regularity {\cite{prodi1959,serrin1962}}]\label{thm:Serrin}"
"appendices\appE_detailed_analytic_atlas.tex","139","\begin{theorem}[Endpoint $L^\infty L^3$ criterion {\cite{ess2003}}]\label{thm:ESS}"
"appendices\appE_detailed_analytic_atlas.tex","143","\begin{proposition}[The Serrin wall]\label{prop:serrin-wall}"
"appendices\appE_detailed_analytic_atlas.tex","150","\begin{theorem}[Weak--strong uniqueness (standard)]"
"appendices\appE_detailed_analytic_atlas.tex","155","\begin{proposition}[The uniqueness wall]\label{prop:uniqueness-wall}"
"appendices\appE_detailed_analytic_atlas.tex","163","\begin{theorem}[Beale--Kato--Majda {\cite{bkm1984}}]\label{thm:BKM}"
"appendices\appE_detailed_analytic_atlas.tex","171","\begin{proposition}[The BKM wall]\label{prop:bkm-wall}"
"appendices\appE_detailed_analytic_atlas.tex","179","\begin{definition}[Suitable weak solution]"
"appendices\appE_detailed_analytic_atlas.tex","184","\begin{theorem}[Partial regularity (CKN) {\cite{ckn1982}}]\label{thm:CKN}"
"appendices\appE_detailed_analytic_atlas.tex","188","\begin{proposition}[The CKN wall]\label{prop:ckn-wall}"
"appendices\appE_detailed_analytic_atlas.tex","203","\begin{theorem}[Nonexistence of nontrivial Leray self-similar profiles {\cite{necas1996,tsai1998}}]"
"appendices\appE_detailed_analytic_atlas.tex","207","\begin{proposition}[The profile wall]\label{prop:profile-wall}"
"appendices\appE_detailed_analytic_atlas.tex","214","\subsection{Geometric depletion of nonlinearity}\label{sec:geometry}"
"appendices\appE_detailed_analytic_atlas.tex","217","\begin{theorem}[Vorticity-direction coherence criterion (Constantin--Fefferman) {\cite{constantin-fefferman1993}}]"
"appendices\appE_detailed_analytic_atlas.tex","222","\begin{proposition}[The geometry-to-kernel wall]\label{prop:geo-wall}"
"appendices\appE_detailed_analytic_atlas.tex","240","\begin{proposition}[The frequency wall]\label{prop:freq-wall}"
"appendices\appE_detailed_analytic_atlas.tex","248","\begin{theorem}[Small data global well-posedness in $BMO^{-1}$ {\cite{koch-tataru2001}}]"
"appendices\appE_detailed_analytic_atlas.tex","252","\begin{proposition}[The large-data wall]\label{prop:large-data-wall}"
"appendices\appF_audit_aids.tex","2","\section{What is and is not load-bearing (navigation appendix)}\label{sec:internal-ledger}"
"appendices\appF_audit_aids.tex","5","\subsection{Source governance, source freeze, and contradiction triage}\label{sec:phase0-source-freeze}"
"appendices\appF_audit_aids.tex","143","\subsection*{Bridge-seam audit V: endgame visibility and one-route dependency audit}\label{sec:bridge-seam-phase5-visibility-audit}"
"appendices\appF_audit_aids.tex","171","\subsection*{Bridge-seam audit VI: terminology and review-package alignment}\label{sec:bridge-seam-phase6-lexical-audit}"
"appendices\appF_audit_aids.tex","545","\begin{proposition}[Audit-only support ledger for the official periodic theorem]\label{prop:three-level-support-ledger}"
"appendices\appF_audit_aids.tex","616","\begin{proposition}[Appendix theorem index for the official periodic theorem]\label{prop:proof-spine-official-theorem}"
"appendices\appF_audit_aids.tex","773","\subsection{Corrected referee-objection denial map}\label{sec:corrected-referee-objection-denial-map}"
"appendices\appF_audit_aids.tex","799","\subsection{Corpus matrix reconciliation and preferred-source discipline}\label{sec:corpus-matrix-reconciliation}"
"appendices\appF_audit_aids.tex","824","\subsection{Role-cardinality endpoint audit}\label{sec:role-cardinality-endpoint-audit}"
"appendices\appF_audit_aids.tex","844","\subsection{Claim-status warrant for the periodic NS endpoint}\label{sec:claim-status-warrant}"
"appendices\appF_audit_aids.tex","866","\subsection{Clay method-neutrality and proof-class compatibility}\label{sec:clay-method-neutrality-proof-class}"
"appendices\appF_audit_aids.tex","885","\subsection{Lean formalization and axiom-audit status}\label{sec:lean-formalization-status}"
"appendices\appF_audit_aids.tex","906","\subsection{Corrected referee-objection map after proof-class refinement}\label{sec:corrected-referee-objection-map}"
"appendices\appF_audit_aids.tex","929","\subsection{What must be denied to reject the proof}\label{sec:reader-required-denial}"
"parts\part1_analytic_wall.tex","15","\begin{proposition}[Common bottleneck formulation]\label{prop:common-bottleneck}"
"parts\part1_analytic_wall.tex","30","\begin{theorem}[Analytic obstruction]"
"parts\part1_analytic_wall.tex","31","\label{thm:analytic-obstruction}"
"parts\part1_analytic_wall.tex","42","\begin{corollary}[Analytic incompleteness]"
"parts\part1_analytic_wall.tex","43","\label{cor:analytic-incompleteness}"
"parts\part1_analytic_wall.tex","47","\begin{definition}[Analytic continuation mechanism]\label{def:analytic-mechanism}"
"parts\part1_analytic_wall.tex","55","\begin{theorem}[Atlas closure]"
"parts\part1_analytic_wall.tex","56","\label{thm:atlas-closure}"
"parts\part2_primitive_certification.tex","80","\section{Primitive necessity at fixed scope, the unique admissible interior, and the Part II rule package}\label{sec:primitive-base}"
"parts\part2_primitive_certification.tex","87","\begin{definition}[Standing and admissibility]\label{def:standing}"
"parts\part2_primitive_certification.tex","91","\begin{definition}[Scope and same-scope move]\label{def:scope}"
"parts\part2_primitive_certification.tex","97","\begin{definition}[Fixed-scope reasoning regime]\label{def:fixed-scope-reasoning-regime}"
"parts\part2_primitive_certification.tex","101","\begin{definition}[Same-scope parameter]\label{def:same-scope-parameter}"
"parts\part2_primitive_certification.tex","111","\begin{manualdefinition}[3.4A (Fixed-domain comparison class for the official periodic problem)]"
"parts\part2_primitive_certification.tex","112","\phantomsection\manualcurrentlabel{3.4A}\label{def:fixed-domain-comparison-class}"
"parts\part2_primitive_certification.tex","116","\begin{manualdefinition}[3.4B (Same-scope counterexample)]"
"parts\part2_primitive_certification.tex","117","\phantomsection\manualcurrentlabel{3.4B}\label{def:same-scope-counterexample-fixed-domain}"
"parts\part2_primitive_certification.tex","122","\begin{manualdefinition}[3.4C (Non-degenerate theorem-bearing regime)]"
"parts\part2_primitive_certification.tex","123","\phantomsection\manualcurrentlabel{3.4C}\label{def:nondegenerate-theorem-bearing-regime}"
"parts\part2_primitive_certification.tex","127","\begin{manualdefinition}[3.4D (Kernel instantiation)]"
"parts\part2_primitive_certification.tex","128","\phantomsection\manualcurrentlabel{3.4D}\label{def:kernel-instantiation}"
"parts\part2_primitive_certification.tex","132","\begin{manualtheorem}[3.K (Kernel Necessity for non-degenerate regimes)]"
"parts\part2_primitive_certification.tex","133","\phantomsection\manualcurrentlabel{3.K}\label{thm:kernel-necessity-nondegenerate-regimes}"
"parts\part2_primitive_certification.tex","147","\phantomsection\manualcurrentlabel{3.K1}\label{cor:no-framework-optout-nondegenerate}"
"parts\part2_primitive_certification.tex","157","\label{subsec:ambient-counterexamplehood-kernel-subsumption}"
"parts\part2_primitive_certification.tex","163","\begin{manualdefinition}[3.K2 (Ambient proof/refutation regime)]"
"parts\part2_primitive_certification.tex","164","\phantomsection\manualcurrentlabel{3.K2}\label{def:ambient-proof-refutation-regime}"
"parts\part2_primitive_certification.tex","168","\begin{manualtheorem}[3.K3 (Ambient proof-system subsumption)]"
"parts\part2_primitive_certification.tex","169","\phantomsection\manualcurrentlabel{3.K3}\label{thm:ambient-proof-system-subsumption}"
"parts\part2_primitive_certification.tex","199","\begin{manuallemma}[3.K4 (Counterexamplehood is theorem-bearing construction)]"
"parts\part2_primitive_certification.tex","200","\phantomsection\manualcurrentlabel{3.K4}\label{lem:counterexamplehood-theorem-bearing-construction}"
"parts\part2_primitive_certification.tex","208","\begin{manualtheorem}[3.K5 (Fefferman counterexample subsumption)]"
"parts\part2_primitive_certification.tex","209","\phantomsection\manualcurrentlabel{3.K5}\label{thm:fefferman-counterexample-subsumption}"
"parts\part2_primitive_certification.tex","218","\phantomsection\manualcurrentlabel{3.K6}\label{cor:no-ambient-proof-system-escape}"
"parts\part2_primitive_certification.tex","232","\begin{definition}[Pre-admissible proposal regime]\label{def:preadmissible-proposal-regime}"
"parts\part2_primitive_certification.tex","236","\begin{lemma}[Dimensionlessness of pre-admissible proposal regimes]\label{lem:dimensionlessness-preadmissible}"
"parts\part2_primitive_certification.tex","244","\begin{manualtheorem}[P1 (AMetric Boundary; proved in this manuscript)]"
"parts\part2_primitive_certification.tex","245","\phantomsection\manualcurrentlabel{P1}\label{thm:imported-ametric-boundary}"
"parts\part2_primitive_certification.tex","255","\begin{remark}[Manuscript-local application of P1]\label{rem:ametric-application-pde-misread}"
"parts\part2_primitive_certification.tex","259","\begin{remark}[P2 proof treatment location]\label{rem:p2-proof-location}"
"parts\part2_primitive_certification.tex","263","\begin{remark}[P3 proof treatment location]\label{rem:p3-proof-location}"
"parts\part2_primitive_certification.tex","267","\begin{manualtheorem}[P4 (Structural Exhaustion; proved in this manuscript)]"
"parts\part2_primitive_certification.tex","268","\phantomsection\manualcurrentlabel{P4}\label{thm:imported-structural-exhaustion}"
"parts\part2_primitive_certification.tex","277","\begin{remark}[Why the structural packet is followed by local fixed-scope derivations]\label{rem:imported-packet-local-specialization}"
"parts\part2_primitive_certification.tex","285","\begin{definition}[Non-degenerate reasoning at fixed scope]\label{def:nondegenerate-fixed-scope}"
"parts\part2_primitive_certification.tex","296","\begin{definition}[Binary non-eventful admissibility boundary]\label{def:binary-boundary}"
"parts\part2_primitive_certification.tex","300","\begin{definition}[Admissible interior]\label{def:admissible-interior}"
"parts\part2_primitive_certification.tex","304","\begin{lemma}[No standing-preserving repair]\label{lem:no-standing-preserving-repair}"
"parts\part2_primitive_certification.tex","312","\begin{proposition}[Fixed-scope bivalence of admissibility]\label{prop:fixed-scope-bivalence}"
"parts\part2_primitive_certification.tex","321","\phantomsection\manualcurrentlabel{P2}\label{thm:imported-bivalence}"
"parts\part2_primitive_certification.tex","331","\begin{lemma}[Binary non-eventful boundary implies no parameterized admissibility crossing]\label{lem:no-parameterized-admissibility-crossing}"
"parts\part2_primitive_certification.tex","339","\begin{remark}[How ``initial conditions'' are used in the primitive uniqueness chain]\label{rem:primitive-initial-conditions}"
"parts\part2_primitive_certification.tex","343","\begin{lemma}[Admissible initial conditions are not variables]\label{lem:admissible-initial-conditions-not-variables}"
"parts\part2_primitive_certification.tex","351","\begin{lemma}[No admissible variation at fixed scope]\label{lem:no-admissible-variation-fixed-scope}"
"parts\part2_primitive_certification.tex","369","\begin{theorem}[Unique admissible interior at fixed scope]\label{thm:unique-admissible-interior-fixed-scope}"
"parts\part2_primitive_certification.tex","380","\phantomsection\manualcurrentlabel{P3}\label{thm:imported-unique-interior}"
"parts\part2_primitive_certification.tex","388","\begin{remark}[Anti-circularity of the fixed-scope uniqueness theorem]\label{rem:anti-circularity-primitive-layer}"
"parts\part2_primitive_certification.tex","392","\begin{corollary}[No alternative admissible entry condition at fixed scope]\label{cor:no-alternative-entry-condition}"
"parts\part2_primitive_certification.tex","400","\begin{corollary}[No plural same-scope interiors at fixed scope]\label{cor:no-plural-admissible-interiors}"
"parts\part2_primitive_certification.tex","408","\begin{corollary}[No standing-preserving opt-out from the unique admissible interior]\label{cor:no-standing-preserving-optout}"
"parts\part2_primitive_certification.tex","416","\begin{remark}[Interpretive boundary of the fixed-scope uniqueness theorem]\label{rem:interpretive-boundary-fixed-scope}"
"parts\part2_primitive_certification.tex","443","\begin{definition}[Anchor / tensor / skin]\label{def:role-triad}"
"parts\part2_primitive_certification.tex","453","\begin{definition}[Tensor content and standing invariants]\label{def:tensor-content}"
"parts\part2_primitive_certification.tex","462","\begin{definition}[Standing equivalence]\label{def:standing-equivalence}"
"parts\part2_primitive_certification.tex","467","\begin{definition}[Lawful redescription]\label{def:lawful-redescription}"
"parts\part2_primitive_certification.tex","474","\begin{definition}[Standing quotient]\label{def:standing-quotient}"
"parts\part2_primitive_certification.tex","481","\subsection{Future-behavior quotient, history factorization, and forced role typing}\label{subsec:future-behavior-ats-packet}"
"parts\part2_primitive_certification.tex","484","\begin{definition}[Same-scope presentations, admitted updates, and admitted tests]\label{def:same-scope-interface}"
"parts\part2_primitive_certification.tex","494","\begin{definition}[Future-behavior congruence]\label{def:future-behavior-congruence}"
"parts\part2_primitive_certification.tex","505","\begin{theorem}[Standing quotient = future-behavior quotient]\label{thm:standing-quotient-future-behavior}"
"parts\part2_primitive_certification.tex","521","\begin{definition}[Same-scope standing-relevant functional]\label{def:same-scope-standing-functional}"
"parts\part2_primitive_certification.tex","525","\begin{theorem}[Factorization discipline for same-scope discriminators]\label{thm:factorization-discipline-same-scope}"
"parts\part2_primitive_certification.tex","535","\begin{definition}[History-equivalent same-scope histories]\label{def:history-equivalent-same-scope-histories}"
"parts\part2_primitive_certification.tex","539","\begin{theorem}[History-factorization / no path-dependent same-scope admissibility]\label{thm:history-factorization-no-path-dependent-admissibility}"
"parts\part2_primitive_certification.tex","547","\begin{definition}[Forced role typing by same-scope variation]\label{def:forced-role-typing}"
"parts\part2_primitive_certification.tex","556","\begin{theorem}[ATS role minimality and no fourth same-scope role]\label{thm:ats-role-minimality-no-fourth-role}"
"parts\part2_primitive_certification.tex","566","\begin{corollary}[Skin non-authority and representative-only diagnostics collapse]\label{cor:skin-non-authority-representative-diagnostics}"
"parts\part2_primitive_certification.tex","574","\begin{proposition}[Periodic carrier interface for the quotient / history / ATS packet]\label{prop:periodic-carrier-interface-quotient-history}"
"parts\part2_primitive_certification.tex","589","\begin{corollary}[No path-dependent same-scope admissibility on the periodic carrier]\label{cor:no-path-dependent-periodic-admissibility}"
"parts\part2_primitive_certification.tex","597","\begin{remark}[Why this packet is placed in Part~II]\label{rem:why-quotient-history-packet-here}"
"parts\part2_primitive_certification.tex","606","\begin{axiom}[Bivalence and fail-closed enforcement]\label{ax:failclosed}"
"parts\part2_primitive_certification.tex","610","\begin{axiom}[No generators, no carriers, no repairs]\label{ax:impossibility}"
"parts\part2_primitive_certification.tex","615","\begin{axiom}[AMetric boundary]\label{ax:ametric}"
"parts\part2_primitive_certification.tex","620","\begin{axiom}[Licensed interior bookkeeping]\label{ax:lmetric}"
"parts\part2_primitive_certification.tex","625","\begin{axiom}[Operators as envelopes]\label{ax:envelopes}"
"parts\part2_primitive_certification.tex","630","\begin{axiom}[Redescription neutrality]\label{ax:redescription}"
"parts\part2_primitive_certification.tex","638","\begin{axiom}[Composition discipline]\label{ax:composition}"
"parts\part2_primitive_certification.tex","643","\begin{axiom}[Deterministic enforcement]\label{ax:enforcement}"
"parts\part2_primitive_certification.tex","648","\begin{rulelabel}[Structural Exhaustion (generic fixed-scope label; carrier-specific verification later)]\label{ax:exhaustion}"
"parts\part2_primitive_certification.tex","670","\section{Self-contained derivation ledger}\label{sec:axiom-ledger}"
"parts\part2_primitive_certification.tex","704","\label{tab:axiom-ledger}"
"parts\part2_primitive_certification.tex","721","\begin{proposition}[Common analytic bottleneck, retyped]\label{prop:retyped-wall}"
"parts\part2_primitive_certification.tex","739","\begin{corollary}[Necessity of the pivot]\label{cor:pivot-necessary}"
"parts\part2_primitive_certification.tex","759","\begin{lemma}[Regular versus singular is not an AMetric distinction]\label{lem:boundary-not-enough}"
"parts\part2_primitive_certification.tex","829","\begin{definition}[Navier--Stokes interior bundle]\label{def:NS-bundle-structural}"
"parts\part2_primitive_certification.tex","845","\begin{proposition}[Bundle-localized meaning of the common wall]\label{prop:wall-bundle}"
"parts\part2_primitive_certification.tex","904","\label{tab:mapfailures}"
"parts\part2_primitive_certification.tex","916","\begin{definition}[Extension envelope]\label{def:ext-envelope}"
"parts\part2_primitive_certification.tex","922","\begin{lemma}[Required invariants for $\mathsf{EXT}$]\label{lem:ext-invariants}"
"parts\part2_primitive_certification.tex","941","\begin{proposition}[Why $\mathsf{EXT}$ is not the primitive route]\label{prop:ext-fails}"
"parts\part2_primitive_certification.tex","961","\begin{theorem}[Structural Exhaustion revisited]\label{thm:exhaustion-restate}"
"parts\part2_primitive_certification.tex","970","\begin{corollary}[No ``one more lemma'' route]\label{cor:no-new-lemma}"
"parts\part2_primitive_certification.tex","996","\begin{theorem}[Constraint Saturation]\label{thm:saturation-full}"
"parts\part2_primitive_certification.tex","1028","\begin{proposition}[What ``zero-parameter'' excludes]\label{prop:zero-parameter-excludes}"
"parts\part2_primitive_certification.tex","1058","\begin{theorem}[Gate classification]"
"parts\part2_primitive_certification.tex","1059","\label{thm:gate-classification}"
"parts\part2_primitive_certification.tex","1078","\begin{definition}[Standard $\T^3$ Navier--Stokes carrier]\label{def:standard-carrier}"
"parts\part2_primitive_certification.tex","1093","\begin{lemma}[Licensed bookkeeping carries no same-scope admissibility power]\label{prop:scope-constants}"
"parts\part2_primitive_certification.tex","1110","\begin{lemma}[Equivalence completion of the standard skins]\label{prop:equiv-completion-NS}"
"parts\part2_primitive_certification.tex","1130","\label{subsec:pde-facing-adequacy}"
"parts\part2_primitive_certification.tex","1138","\begin{proposition}[Lawful redescription for the standard periodic carrier]"
"parts\part2_primitive_certification.tex","1139","\label{prop:adequacy-lawful-redescription}"
"parts\part2_primitive_certification.tex","1159","\begin{proposition}[Standing equivalence is the right equivalence notion for continuation]"
"parts\part2_primitive_certification.tex","1160","\label{prop:adequacy-standing-equivalence}"
"parts\part2_primitive_certification.tex","1176","\begin{proposition}[Anchor / tensor / skin arise from the periodic Navier--Stokes carrier]"
"parts\part2_primitive_certification.tex","1177","\label{prop:adequacy-role-triad}"
"parts\part2_primitive_certification.tex","1203","\begin{proposition}[Why admissibility / standing is the right language here]"
"parts\part2_primitive_certification.tex","1204","\label{prop:adequacy-admissibility-language}"
"parts\part2_primitive_certification.tex","1225","\label{subsec:bridge-packet-periodic}"
"parts\part2_primitive_certification.tex","1232","\begin{manualtheorem}[12A.0 (Official periodic Navier--Stokes proof/refutation regime is non-degenerate)]"
"parts\part2_primitive_certification.tex","1233","\phantomsection\manualcurrentlabel{12A.0}\label{thm:official-periodic-ns-nondegenerate}"
"parts\part2_primitive_certification.tex","1263","\phantomsection\manualcurrentlabel{12A.0.1}\label{cor:kernel-applies-official-periodic-necessity}"
"parts\part2_primitive_certification.tex","1271","\begin{manuallemma}[12A: Fixed periodic problem defines a standing-bearing fixed scope]"
"parts\part2_primitive_certification.tex","1272","\phantomsection\manualcurrentlabel{12A}\label{lem:bridge-fixed-periodic-scope}"
"parts\part2_primitive_certification.tex","1280","\begin{manuallemma}[12B: The fixed periodic problem lies on the admissible side of the AMetric Boundary]"
"parts\part2_primitive_certification.tex","1281","\phantomsection\manualcurrentlabel{12B}\label{lem:bridge-admissible-side-ametric}"
"parts\part2_primitive_certification.tex","1289","\begin{manuallemma}[12B.1: Live admissibility at fixed periodic scope]"
"parts\part2_primitive_certification.tex","1290","\phantomsection\manualcurrentlabel{12B.1}\label{lem:bridge-periodic-live-admissibility}"
"parts\part2_primitive_certification.tex","1298","\begin{manuallemma}[12C: Non-degeneracy at fixed periodic scope]"
"parts\part2_primitive_certification.tex","1299","\phantomsection\manualcurrentlabel{12C}\label{lem:bridge-periodic-nondegeneracy}"
"parts\part2_primitive_certification.tex","1314","\begin{manuallemma}[12D: Lawful redescription neutrality at fixed periodic scope]"
"parts\part2_primitive_certification.tex","1315","\phantomsection\manualcurrentlabel{12D}\label{lem:bridge-periodic-redescription-neutrality}"
"parts\part2_primitive_certification.tex","1323","\begin{manuallemma}[12E: Irreversibility / no same-scope retroactive repair]"
"parts\part2_primitive_certification.tex","1324","\phantomsection\manualcurrentlabel{12E}\label{lem:bridge-periodic-irreversibility}"
"parts\part2_primitive_certification.tex","1332","\begin{manuallemma}[12F: Boundary signature-closure for the periodic problem]"
"parts\part2_primitive_certification.tex","1333","\phantomsection\manualcurrentlabel{12F}\label{lem:bridge-periodic-boundary-closure}"
"parts\part2_primitive_certification.tex","1358","\begin{manualtheorem}[12G: Applicability of structural necessity at fixed periodic scope]"
"parts\part2_primitive_certification.tex","1359","\phantomsection\manualcurrentlabel{12G}\label{thm:bridge-periodic-applicability}"
"parts\part2_primitive_certification.tex","1370","\phantomsection\manualcurrentlabel{12H}\label{cor:periodic-unique-admissible-interior}"
"parts\part2_primitive_certification.tex","1380","\label{subsec:standing-intelligibility-packet}"
"parts\part2_primitive_certification.tex","1383","\begin{manualdefinition}[ST1: Standing-positive continuation-relevant determination at fixed periodic scope]"
"parts\part2_primitive_certification.tex","1384","\phantomsection\manualcurrentlabel{ST1}\label{def:st1-standing-positive-determination}"
"parts\part2_primitive_certification.tex","1395","\begin{manualtheorem}[ST2: Intelligibility failure is standing loss at fixed periodic scope]"
"parts\part2_primitive_certification.tex","1396","\phantomsection\manualcurrentlabel{ST2}\label{thm:st2-intelligibility-standing-loss}"
"parts\part2_primitive_certification.tex","1404","\begin{manualtheorem}[ST3: Standing--admissibility equivalence at fixed periodic scope]"
"parts\part2_primitive_certification.tex","1405","\phantomsection\manualcurrentlabel{ST3}\label{thm:st3-standing-admissibility-equivalence}"
"parts\part2_primitive_certification.tex","1413","\begin{corollary}[No standing-neutral same-scope status at fixed periodic scope]\label{cor:no-standing-neutral-status-fixed-periodic}"
"parts\part2_primitive_certification.tex","1422","\label{subsec:ns-specialized-rule-package}"
"parts\part2_primitive_certification.tex","1429","\begin{theorem}[No competing same-scope continuation gates on the standard periodic carrier]"
"parts\part2_primitive_certification.tex","1430","\label{thm:ns-no-competing-gates}"
"parts\part2_primitive_certification.tex","1451","\begin{corollary}[Binary continuation status on the fixed carrier]"
"parts\part2_primitive_certification.tex","1452","\label{cor:ns-binary-continuation-status}"
"parts\part2_primitive_certification.tex","1464","\begin{corollary}[No parameterized same-scope continuation gate]"
"parts\part2_primitive_certification.tex","1465","\label{cor:ns-no-parameterized-gate}"
"parts\part2_primitive_certification.tex","1479","\begin{theorem}[No repair / no generator in specialized Navier--Stokes form]"
"parts\part2_primitive_certification.tex","1480","\label{thm:ns-no-repair-generator}"
"parts\part2_primitive_certification.tex","1498","\begin{lemma}[Pointwise vortex-stretching gate collapse]\label{prop:stretching-internal}"
"parts\part2_primitive_certification.tex","1562","\begin{manualproposition}[13.5A (Periodicity--pressure--divergence collapse of competing gates)]"
"parts\part2_primitive_certification.tex","1563","\label{prop:13-5A-periodicity-pressure-divergence-collapse}"
"parts\part2_primitive_certification.tex","1584","\begin{manualproposition}[13.5B (Energy and momentum force binary continuation status)]"
"parts\part2_primitive_certification.tex","1585","\label{prop:13-5B-energy-momentum-force-binary}"
"parts\part2_primitive_certification.tex","1604","\begin{manualproposition}[13.5C (Vortex stretching cannot generate repair or parameterized gates)]"
"parts\part2_primitive_certification.tex","1605","\label{prop:13-5C-vortex-stretching-no-repair-no-parameterized-gates}"
"parts\part2_primitive_certification.tex","1624","\label{cor:13-5D-standard-periodic-carrier-forces-minimal-rule-package}"
"parts\part2_primitive_certification.tex","1650","\begin{manualdefinition}[13.5E (Typed standing-positive same-scope continuation candidate determination on the standard periodic carrier)]"
"parts\part2_primitive_certification.tex","1651","\phantomsection\manualcurrentlabel{13.5E}\label{def:13-5E-typed-same-scope-candidate}"
"parts\part2_primitive_certification.tex","1664","\begin{manualtheorem}[13.5F (Finite standing-positive same-scope candidate classification on the standard periodic carrier)]"
"parts\part2_primitive_certification.tex","1665","\phantomsection\manualcurrentlabel{13.5F}\label{thm:13-5F-finite-same-scope-classification}"
"parts\part2_primitive_certification.tex","1690","\begin{manualproposition}[13.5G (Existing carrier content adds no continuation gate)]"
"parts\part2_primitive_certification.tex","1691","\phantomsection\manualcurrentlabel{13.5G}\label{prop:13-5G-existing-carrier-content-adds-no-gate}"
"parts\part2_primitive_certification.tex","1704","\begin{manualproposition}[13.5H (Bookkeeping-only variation carries no new standing-bearing force)]"
"parts\part2_primitive_certification.tex","1705","\phantomsection\manualcurrentlabel{13.5H}\label{prop:13-5H-bookkeeping-no-standing-force}"
"parts\part2_primitive_certification.tex","1720","\begin{manualproposition}[13.5I (Parameterized same-scope gates are forbidden)]"
"parts\part2_primitive_certification.tex","1721","\phantomsection\manualcurrentlabel{13.5I}\label{prop:13-5I-parameterized-gates-forbidden}"
"parts\part2_primitive_certification.tex","1736","\begin{manualproposition}[13.5J (Competing same-scope discriminators are forbidden)]"
"parts\part2_primitive_certification.tex","1737","\phantomsection\manualcurrentlabel{13.5J}\label{prop:13-5J-competing-discriminator-forbidden}"
"parts\part2_primitive_certification.tex","1752","\begin{manualproposition}[13.5K (Scope changes are not same-scope rivals)]"
"parts\part2_primitive_certification.tex","1753","\phantomsection\manualcurrentlabel{13.5K}\label{prop:13-5K-scope-change-not-rival}"
"parts\part2_primitive_certification.tex","1768","\phantomsection\manualcurrentlabel{13.5L}\label{cor:13-5L-rival-elimination}"
"parts\part2_primitive_certification.tex","1784","\begin{remark}[How the finite typed packet fits the later endpoint-status trichotomy]\label{rem:13-5F-two-branch-posture}"
"parts\part2_primitive_certification.tex","1788","\begin{proposition}[Residual standing-positive same-scope gate exhaustion]\label{prop:residual-gate-exhaustion}"
"parts\part2_primitive_certification.tex","1803","\begin{lemma}[Profile-formation gates collapse to quotient visibility]"
"parts\part2_primitive_certification.tex","1804","\label{lem:profile-gate-collapse}"
"parts\part2_primitive_certification.tex","1823","\begin{theorem}[Gate exhaustion / elimination]"
"parts\part2_primitive_certification.tex","1824","\label{thm:gate-exhaustion}"
"parts\part2_primitive_certification.tex","1851","\begin{theorem}[Zero-parameter certification of standard $\T^3$ Navier--Stokes]\label{thm:ns-zero-parameter}"
"parts\part2_primitive_certification.tex","1877","\begin{corollary}[Certified interior inclusion]\label{cor:certified-inclusion}"
"parts\part2_primitive_certification.tex","1889","\begin{definition}[Continuation-relevant PDE structure for the standard periodic problem]"
"parts\part2_primitive_certification.tex","1890","\label{def:continuation-relevant-pde-structure}"
"parts\part2_primitive_certification.tex","1901","\begin{lemma}[Inventory of standard continuation-relevant structures]"
"parts\part2_primitive_certification.tex","1902","\label{lem:inventory-standard-continuation-relevant-structures}"
"parts\part2_primitive_certification.tex","1932","\begin{theorem}[Standing-positive scope completeness of the standard $\T^3$ carrier]"
"parts\part2_primitive_certification.tex","1933","\label{thm:scope-completeness-standard-carrier}"
"parts\part2_primitive_certification.tex","1958","\begin{remark}[Carrier-interiority is only the standing-positive half of the later endgame]\label{rem:scope-completeness-half-endgame}"
"parts\part2_primitive_certification.tex","1966","\begin{theorem}[Broader architectural standing-positive continuation-completeness of the standard carrier]"
"parts\part2_primitive_certification.tex","1967","\label{thm:strong-continuation-completeness-standard-carrier}"
"parts\part2_primitive_certification.tex","1990","\begin{theorem}[Verification of the Part~II rule package for the standard periodic carrier]"
"parts\part2_primitive_certification.tex","1991","\label{thm:ns-carrier-verifies-rule-package}"
"parts\part2_primitive_certification.tex","2068","\begin{corollary}[Structural Exhaustion verified for this carrier]"
"parts\part2_primitive_certification.tex","2069","\label{cor:structural-exhaustion-verified-standard-carrier}"
"parts\part2_primitive_certification.tex","2125","\label{tab:translation-dictionary-standard-carrier}"
"parts\part2_primitive_certification.tex","2128","\phantomsection\manualcurrentlabel{13.23A}\label{cor:row-by-row-continuation-completeness}"
"parts\part2_primitive_certification.tex","2137","\begin{manualdefinition}[13.23A.1 (Quotient-visible witness bookkeeping)]"
"parts\part2_primitive_certification.tex","2138","\phantomsection\manualcurrentlabel{13.23A.1}\label{def:quotient-visible-witness-bookkeeping}"
"parts\part2_primitive_certification.tex","2175","\label{tab:periodic-ns-role-localization}"
"parts\part2_primitive_certification.tex","2178","\begin{manualproposition}[13.23A.2 (Periodic NS role localization on the live same-scope route)]"
"parts\part2_primitive_certification.tex","2179","\phantomsection\manualcurrentlabel{13.23A.2}\label{prop:periodic-ns-role-localization}"
"parts\part2_primitive_certification.tex","2191","\begin{manualproposition}[13.23A.3 (Skin non-authority for metric divergence)]"
"parts\part2_primitive_certification.tex","2192","\phantomsection\manualcurrentlabel{13.23A.3}\label{prop:metric-divergence-skin-non-authority}"
"parts\part2_primitive_certification.tex","2210","\begin{manualproposition}[13.23A.4 (Quotient-visible witness vs illicit metric gate)]"
"parts\part2_primitive_certification.tex","2211","\phantomsection\manualcurrentlabel{13.23A.4}\label{prop:quotient-visible-witness-vs-illicit-metric-gate}"
"parts\part2_primitive_certification.tex","2225","\begin{manualproposition}[13.23A.5 (Boundary licensing compatibility for the periodic closure route)]"
"parts\part2_primitive_certification.tex","2226","\phantomsection\manualcurrentlabel{13.23A.5}\label{prop:boundary-licensing-same-scope-compatibility}"
"parts\part2_primitive_certification.tex","2236","\begin{manualdefinition}[13.23A.M (Three roles of metric quantities)]"
"parts\part2_primitive_certification.tex","2237","\phantomsection\manualcurrentlabel{13.23A.M}\label{def:metric-quantity-three-roles}"
"parts\part2_primitive_certification.tex","2242","\begin{manualtheorem}[13.23A.6 (Metric Diagnostic Non-Authority Theorem for the periodic carrier)]"
"parts\part2_primitive_certification.tex","2243","\phantomsection\manualcurrentlabel{13.23A.6}\label{thm:metric-non-authority-periodic-carrier}"
"parts\part2_primitive_certification.tex","2272","\begin{manualdefinition}[13.23B (Same-scope continuation mechanism on the standard periodic carrier)]"
"parts\part2_primitive_certification.tex","2273","\phantomsection\manualcurrentlabel{13.23B}\label{def:same-scope-continuation-mechanism}"
"parts\part2_primitive_certification.tex","2286","\begin{manualdefinition}[13.23C (Three continuation kinds)]"
"parts\part2_primitive_certification.tex","2287","\phantomsection\manualcurrentlabel{13.23C}\label{def:three-continuation-kinds}"
"parts\part2_primitive_certification.tex","2299","\begin{manualproposition}[13.23D (Lawful-skin factorization)]"
"parts\part2_primitive_certification.tex","2300","\phantomsection\manualcurrentlabel{13.23D}\label{prop:lawful-skin-factorization}"
"parts\part2_primitive_certification.tex","2314","\begin{manualproposition}[13.23E (Undeformed continuation mechanisms factor through horizons)]"
"parts\part2_primitive_certification.tex","2315","\phantomsection\manualcurrentlabel{13.23E}\label{prop:horizon-factorization}"
"parts\part2_primitive_certification.tex","2332","\begin{manualproposition}[13.23F (Non-factorizing continuation mechanisms force bundle deformation)]"
"parts\part2_primitive_certification.tex","2333","\phantomsection\manualcurrentlabel{13.23F}\label{prop:deformation-forcing}"
"parts\part2_primitive_certification.tex","2353","\begin{manualtheorem}[13.23G (Exhaustive trichotomy of standing-positive same-scope continuation mechanisms)]"
"parts\part2_primitive_certification.tex","2354","\phantomsection\manualcurrentlabel{13.23G}\label{thm:carrier-exhaustive-trichotomy}"
"parts\part2_primitive_certification.tex","2377","\phantomsection\manualcurrentlabel{13.23H}\label{cor:derived-structural-exhaustion}"
"parts\part2_primitive_certification.tex","2410","\begin{manualdefinition}[13.23I (Standing-positive same-scope existence claim on the standard periodic carrier)]"
"parts\part2_primitive_certification.tex","2411","\phantomsection\manualcurrentlabel{13.23I}\label{def:same-scope-existence-claim}"
"parts\part2_primitive_certification.tex","2424","\begin{manualproposition}[13.23J (Standing-positive same-scope existence coincides with admissible-interior membership on the certified carrier)]"
"parts\part2_primitive_certification.tex","2425","\phantomsection\manualcurrentlabel{13.23J}\label{prop:same-scope-existence-coincides}"
"parts\part2_primitive_certification.tex","2447","\phantomsection\manualcurrentlabel{13.23K}\label{cor:failure-standing-failure-existence}"
"parts\part2_primitive_certification.tex","2484","\begin{remark}[Downstream citation discipline after the structural packet]\label{rem:carrier-packet-citation-discipline}"
"parts\part2_primitive_certification.tex","2488","\begin{manualtheorem}[13I (The standard periodic carrier realizes the unique admissible interior)]"
"parts\part2_primitive_certification.tex","2489","\phantomsection\manualcurrentlabel{13I}\label{thm:periodic-carrier-unique-interior}"
"parts\part2_primitive_certification.tex","2530","\phantomsection\manualcurrentlabel{13J}\label{cor:no-alternative-same-scope-regime}"
"parts\part2_primitive_certification.tex","2549","\begin{manualproposition}[13K (No additional PDE-side continuation criterion remains inside fixed scope)]"
"parts\part2_primitive_certification.tex","2550","\phantomsection\manualcurrentlabel{13K}\label{prop:no-additional-pde-side-criterion}"
"parts\part2_primitive_certification.tex","2582","\begin{manualproposition}[13K.1 (Fixed-domain counterexample burden)]"
"parts\part2_primitive_certification.tex","2583","\phantomsection\manualcurrentlabel{13K.1}\label{prop:fixed-domain-counterexample-burden}"
"parts\part2_primitive_certification.tex","2596","\begin{remark}[Relative uniqueness under locked scope]\label{rem:relative-uniqueness-locked-scope}"
"parts\part2_primitive_certification.tex","2601","\phantomsection\manualcurrentlabel{13L}\label{cor:no-circular-burden-after-carrier-packet}"
"parts\part2_primitive_certification.tex","2619","\section{Uniqueness-first contradiction inside the unique admissible interior}\label{sec:uniqueness-first-endgame}"
"parts\part2_primitive_certification.tex","2622","\begin{theorem}[Uniqueness-first contradiction for same-scope singularity]\label{thm:uniqueness-first-contradiction}"
"parts\part2_primitive_certification.tex","2644","\begin{definition}[Admissible consequence functional]\label{def:acf}"
"parts\part2_primitive_certification.tex","2652","\begin{proposition}[Factorization discipline]\label{prop:factorization-discipline-NS}"
"parts\part2_primitive_certification.tex","2664","\begin{corollary}[No second same-scope singularity gate]\label{cor:no-second-singularity-gate}"
"parts\part2_primitive_certification.tex","2693","\begin{definition}[Singularity gate, typed]\label{def:singularity-gate}"
"parts\part2_primitive_certification.tex","2706","\begin{proposition}[No generators, no carriers, no repairs]\label{prop:no-gcr}"
"parts\part2_primitive_certification.tex","2722","\begin{definition}[Singular candidate, typed]\label{def:singular-candidate}"
"parts\part2_primitive_certification.tex","2740","\begin{lemma}[The Part~I wall forces a diagnostic escape taxonomy]\label{lem:part1-to-singular}"
"parts\part2_primitive_certification.tex","2782","\begin{proposition}[Quotient-visible vs illicit singularity]\label{prop:quotient-visible-singularity}"
"parts\part2_primitive_certification.tex","2799","\begin{corollary}[No third branch]\label{cor:no-third-branch}"
"parts\part2_primitive_certification.tex","2824","\label{tab:final-dichotomy}"
"parts\part2_primitive_certification.tex","2839","\begin{proposition}[Scope inclusion gate]\label{prop:scope-gate-expanded}"
"parts\part2_primitive_certification.tex","2856","\begin{lemma}[Illicit branch elimination]\label{lem:illicit-branch}"
"parts\part2_primitive_certification.tex","2872","\begin{lemma}[Quotient-visible branch elimination]\label{lem:quotient-visible-branch}"
"parts\part2_primitive_certification.tex","2891","\begin{proposition}[Exhaustive branch elimination]\label{prop:exhaustive-branch-elimination}"
"parts\part2_primitive_certification.tex","2905","\begin{theorem}[Structural regularity on the certified periodic carrier]\label{thm:structural-closure}"
"parts\part2_primitive_certification.tex","2922","\begin{lemma}[Determinacy bridge]"
"parts\part2_primitive_certification.tex","2923","\label{lem:determinacy-bridge}"
"parts\part2_primitive_certification.tex","2945","\begin{corollary}[Determinacy is forced, not imported]\label{cor:determinacy-forced}"
"parts\part2_primitive_certification.tex","2976","\begin{corollary}[No admissible same-scope singularity gate remains]\label{cor:no-admissible-singularity-gate}"
"parts\part2_primitive_certification.tex","2995","\begin{proposition}[Internal resolution is structural, not analytic]\label{prop:internal-resolution-structural}"
"parts\part2_primitive_certification.tex","3011","\begin{proposition}[Explicit claim type and non-claim for Part II]\label{prop:explicit-non-claim}"
"parts\part2_primitive_certification.tex","3047","\begin{lemma}[Move classification]\label{lem:move-classification}"
"parts\part2_primitive_certification.tex","3064","\begin{theorem}[Terminality]\label{thm:terminality}"
"parts\part2_primitive_certification.tex","3094","\begin{corollary}[No same-scope analytic escape for the official periodic theorem]\label{cor:no-same-scope-analytic-escape}"
"parts\part2_primitive_certification.tex","3125","\begin{proposition}[Endgame spine]\label{prop:endgame-spine}"
"parts\part3_faithful_classical_realization.tex","7","\begin{manualdefinition}[18.0 (Same-object convention for realized periodic lineages)]"
"parts\part3_faithful_classical_realization.tex","8","\phantomsection\manualcurrentlabel{18.0}\label{def:realized-lineage-same-object-convention}"
"parts\part3_faithful_classical_realization.tex","18","\begin{manualdefinition}[18.0A (Realized continuation locus)]"
"parts\part3_faithful_classical_realization.tex","19","\phantomsection\manualcurrentlabel{18.0A}\label{def:realized-continuation-locus}"
"parts\part3_faithful_classical_realization.tex","23","\begin{manualdefinition}[18.0B (Boundary trace of a realized lineage)]"
"parts\part3_faithful_classical_realization.tex","24","\phantomsection\manualcurrentlabel{18.0B}\label{def:boundary-trace-realized-lineage}"
"parts\part3_faithful_classical_realization.tex","28","\begin{manualdefinition}[18.0C (Persistence regime)]"
"parts\part3_faithful_classical_realization.tex","29","\phantomsection\manualcurrentlabel{18.0C}\label{def:persistence-regime-realized-lineage}"
"parts\part3_faithful_classical_realization.tex","33","\begin{remark}[Claim-type discipline for the realized-lineage packet]\label{rem:partIII-claim-type-discipline}"
"parts\part3_faithful_classical_realization.tex","52","\begin{manualproposition}[18A (Part~III is realization transport, not a second proof modality)]"
"parts\part3_faithful_classical_realization.tex","53","\phantomsection\manualcurrentlabel{18A}\label{prop:partIII-transport-only}"
"parts\part3_faithful_classical_realization.tex","61","\begin{manualproposition}[18B (No hidden continuation hypothesis enters the transfer cascade)]"
"parts\part3_faithful_classical_realization.tex","62","\phantomsection\manualcurrentlabel{18B}\label{prop:no-hidden-transfer-hypothesis}"
"parts\part3_faithful_classical_realization.tex","70","\begin{manualproposition}[18C (Part~III uses the same same-scope continuation notion fixed in Part~II)]"
"parts\part3_faithful_classical_realization.tex","71","\phantomsection\manualcurrentlabel{18C}\label{prop:partIII-same-continuation-notion}"
"parts\part3_faithful_classical_realization.tex","79","\section{Transfer Step I (soundness): every official periodic datum enters the unique admissible interior}\label{sec:carrier-universality}"
"parts\part3_faithful_classical_realization.tex","100","\begin{definition}[Official periodic data class]\label{def:official-periodic-data}"
"parts\part3_faithful_classical_realization.tex","113","\begin{remark}[Exact match with Fefferman (B) hypotheses]\label{rem:exact-match-fefferman-B}"
"parts\part3_faithful_classical_realization.tex","120","\begin{definition}[Carrier seed of an official datum]\label{def:carrier-seed}"
"parts\part3_faithful_classical_realization.tex","144","\begin{definition}[Initial-data face of the standard carrier]\label{def:initial-data-face}"
"parts\part3_faithful_classical_realization.tex","152","\begin{remark}[Conventional reading of the initial-data face]\label{rem:initial-data-face-conventional}"
"parts\part3_faithful_classical_realization.tex","159","\begin{lemma}[Canonical skin completion of official data]\label{lem:canonical-skin-completion}"
"parts\part3_faithful_classical_realization.tex","179","\begin{proposition}[No hidden prefilter on official data]\label{prop:no-hidden-prefilter}"
"parts\part3_faithful_classical_realization.tex","202","\begin{lemma}[Velocity reconstruction on the initial-data face]\label{lem:velocity-reconstruction}"
"parts\part3_faithful_classical_realization.tex","219","\begin{lemma}[Every admitted time-zero carrier object has an official datum]\label{lem:reverse-extraction}"
"parts\part3_faithful_classical_realization.tex","234","\begin{theorem}[Transfer soundness: Carrier Universality for official periodic data]\label{thm:carrier-universality}"
"parts\part3_faithful_classical_realization.tex","259","\begin{corollary}[Transfer soundness: no smaller admissible data subclass]\label{cor:no-smaller-admissible-subclass}"
"parts\part3_faithful_classical_realization.tex","269","\begin{corollary}[Transfer soundness: every official periodic datum enters the unique admissible interior at time zero]\label{cor:every-official-datum-admitted}"
"parts\part3_faithful_classical_realization.tex","283","\begin{corollary}[Transfer soundness: no datum-selected rival regime]\label{cor:universality-upgrade}"
"parts\part3_faithful_classical_realization.tex","301","\begin{lemma}[Sufficiency of the Part~III realization bridge]\label{lem:bridge-sufficiency-partIII}"
"parts\part3_faithful_classical_realization.tex","321","\begin{remark}[The Part~III bridge is transport, not a second proof modality]\label{rem:partIII-bridge-transport}"
"parts\part3_faithful_classical_realization.tex","330","\begin{lemma}[Architectural bridge from strong carrier completeness to realized PDE completeness]\label{lem:strong-completeness-to-realized-completeness}"
"parts\part3_faithful_classical_realization.tex","342","\section{Transfer Steps II--III (soundness and completeness): local classical realization of the unique admissible interior}\label{sec:data-extraction-realization}"
"parts\part3_faithful_classical_realization.tex","348","\begin{definition}[Classical realization datum]\label{def:classical-realization-datum}"
"parts\part3_faithful_classical_realization.tex","355","\begin{definition}[Constructive mild realization operator]\label{def:mild-realization-operator}"
"parts\part3_faithful_classical_realization.tex","378","\begin{definition}[Pressure reconstruction operator]\label{def:pressure-reconstruction-operator}"
"parts\part3_faithful_classical_realization.tex","386","\begin{lemma}[Constructive local contraction window]\label{lem:constructive-local-window}"
"parts\part3_faithful_classical_realization.tex","404","\begin{lemma}[Initial-data extraction from the unique admissible interior]\label{lem:initial-data-extraction}"
"parts\part3_faithful_classical_realization.tex","418","\begin{theorem}[Transfer soundness: constructive local classical realization of admitted data]\label{thm:local-classical-realization}"
"parts\part3_faithful_classical_realization.tex","468","\begin{manuallemma}[19A (Local classical realization is faithful)]"
"parts\part3_faithful_classical_realization.tex","469","\phantomsection\manualcurrentlabel{19A}\label{lem:local-realization-faithful}"
"parts\part3_faithful_classical_realization.tex","477","\begin{definition}[Realization map]\label{def:realization-map}"
"parts\part3_faithful_classical_realization.tex","489","\begin{definition}[Horizon continuation discriminator]\label{def:horizon-continuation-discriminator}"
"parts\part3_faithful_classical_realization.tex","504","\begin{theorem}[Transfer completeness: realized local class equals the full official local classical class]\label{thm:realized-class-equals-official-local-class}"
"parts\part3_faithful_classical_realization.tex","527","\begin{manualtheorem}[19B (Transfer completeness restatement: the realized local class equals the full official local classical class)]"
"parts\part3_faithful_classical_realization.tex","528","\phantomsection\manualcurrentlabel{19B}\label{thm:transport-realized-class-equals-official}"
"parts\part3_faithful_classical_realization.tex","537","\label{subsec:pde-native-admissibility-packet}"
"parts\part3_faithful_classical_realization.tex","540","\begin{manualtheorem}[19C (PDE-native admissibility on the maximal classical interval)]"
"parts\part3_faithful_classical_realization.tex","541","\phantomsection\manualcurrentlabel{19C}\label{thm:pde-native-admissibility-maximal-interval}"
"parts\part3_faithful_classical_realization.tex","567","\begin{manualtheorem}[19D (Restart consistency and same-object persistence)]"
"parts\part3_faithful_classical_realization.tex","568","\phantomsection\manualcurrentlabel{19D}\label{thm:restart-consistency-same-object-persistence}"
"parts\part3_faithful_classical_realization.tex","581","\phantomsection\manualcurrentlabel{19E}\label{cor:pre-horizon-slice-reentry}\label{lem:propagation-standing-positive-slices}"
"parts\part3_faithful_classical_realization.tex","598","\begin{manuallemma}[19E.1 (Continuation-locus fixity)]"
"parts\part3_faithful_classical_realization.tex","599","\phantomsection\manualcurrentlabel{19E.1}\label{lem:continuation-locus-fixity}"
"parts\part3_faithful_classical_realization.tex","607","\begin{manuallemma}[19E.2 (Boundary-trace nonpromotion)]"
"parts\part3_faithful_classical_realization.tex","608","\phantomsection\manualcurrentlabel{19E.2}\label{lem:boundary-trace-nonpromotion}"
"parts\part3_faithful_classical_realization.tex","616","\begin{manuallemma}[19E.3 (Persistence-regime realization)]"
"parts\part3_faithful_classical_realization.tex","617","\phantomsection\manualcurrentlabel{19E.3}\label{lem:persistence-regime-realization}"
"parts\part3_faithful_classical_realization.tex","625","\begin{manuallemma}[19F (Finite-horizon witness lemma)]"
"parts\part3_faithful_classical_realization.tex","626","\phantomsection\manualcurrentlabel{19F}\label{lem:finite-horizon-witness}"
"parts\part3_faithful_classical_realization.tex","648","\section{Transfer Steps IV--V (faithfulness, no-new-criterion, and detectability): realization on the full official local class}\label{sec:faithfulness-full-class}"
"parts\part3_faithful_classical_realization.tex","657","\begin{definition}[Realized lineage and PDE-equivalent presentation]\label{def:realized-lineage}"
"parts\part3_faithful_classical_realization.tex","666","\begin{lemma}[Lawful redescription commutes with realization]\label{lem:redescription-commutes-with-realization}"
"parts\part3_faithful_classical_realization.tex","681","\begin{lemma}[Continuation status is skin-invariant]\label{lem:continuation-skin-invariant}"
"parts\part3_faithful_classical_realization.tex","695","\begin{proposition}[Local continuation cannot split a standing class]\label{prop:local-continuation-cannot-split-standing-class}"
"parts\part3_faithful_classical_realization.tex","710","\begin{theorem}[Transfer faithfulness: local classical continuation on the realized class]\label{thm:initial-local-faithfulness}"
"parts\part3_faithful_classical_realization.tex","726","\begin{corollary}[Transfer no-new-criterion on the full official local class]\label{cor:no-hidden-continuation-criterion}"
"parts\part3_faithful_classical_realization.tex","742","\begin{manualtheorem}[20.5B (Transfer no-new-criterion: classical realization adds no new standing-positive same-scope continuation content)]"
"parts\part3_faithful_classical_realization.tex","743","\phantomsection\manualcurrentlabel{20.5B}\label{thm:transfer-no-new-content}"
"parts\part3_faithful_classical_realization.tex","752","\phantomsection\manualcurrentlabel{20A}\label{cor:breakdown-carrier-visible}"
"parts\part3_faithful_classical_realization.tex","760","\begin{proposition}[Finite-time breakdown is a continuation discriminator on the fixed carrier]\label{prop:finite-time-breakdown-discriminator}"
"parts\part3_faithful_classical_realization.tex","781","\begin{manualtheorem}[20.7A (Horizon detectability on the fixed periodic carrier)]"
"parts\part3_faithful_classical_realization.tex","782","\label{thm:horizon-detectability}"
"parts\part3_faithful_classical_realization.tex","810","\begin{lemma}[Architectural realization completeness for continuation discriminators]\label{lem:realization-completeness}"
"parts\part3_faithful_classical_realization.tex","828","\begin{definition}[Trajectory stretching observable]"
"parts\part3_faithful_classical_realization.tex","829","\label{def:trajectory-stretching-observable}"
"parts\part3_faithful_classical_realization.tex","844","\begin{lemma}[Skin invariance of the trajectory stretching observable]"
"parts\part3_faithful_classical_realization.tex","845","\label{lem:trajectory-stretching-skin-invariant}"
"parts\part3_faithful_classical_realization.tex","875","\begin{theorem}[No \texorpdfstring{$\Theta_x$}{Theta_x}-based continuation gate; dynamic compatibility with zero-parameter certification]"
"parts\part3_faithful_classical_realization.tex","876","\label{thm:dynamic-stretching-compatibility}"
"parts\part3_faithful_classical_realization.tex","890","\begin{manualtheorem}[20B (Transfer no-new-criterion: no independent standing-positive same-scope continuation discriminator at the classical layer)]"
"parts\part3_faithful_classical_realization.tex","891","\phantomsection\manualcurrentlabel{20B}\label{thm:no-independent-classical-discriminator}"
"parts\part3_faithful_classical_realization.tex","903","\begin{corollary}[No stretching-based continuation gate]"
"parts\part3_faithful_classical_realization.tex","904","\label{cor:no-stretching-based-continuation-gate}"
"parts\part3_faithful_classical_realization.tex","914","\label{subsec:standing-conservation-realized-lineages}"
"parts\part3_faithful_classical_realization.tex","917","\begin{manualtheorem}[20B.1 (Carrier-to-lineage binding on the fixed periodic carrier)]"
"parts\part3_faithful_classical_realization.tex","918","\phantomsection\manualcurrentlabel{20B.1}\label{thm:carrier-to-lineage-binding}"
"parts\part3_faithful_classical_realization.tex","934","\begin{manualtheorem}[20B.2 (No admissibility dynamics on realized periodic lineages)]"
"parts\part3_faithful_classical_realization.tex","935","\phantomsection\manualcurrentlabel{20B.2}\label{thm:no-admissibility-dynamics-realized-lineages}"
"parts\part3_faithful_classical_realization.tex","945","\begin{definition}[Standing-bearing representational commitment on a realized lineage]\label{def:standing-bearing-representational-commitment}"
"parts\part3_faithful_classical_realization.tex","955","\begin{manualproposition}[20B.3 (Standing and commitment inheritance on same-scope realized lineages)]"
"parts\part3_faithful_classical_realization.tex","956","\phantomsection\manualcurrentlabel{20B.3}\label{prop:standing-commitment-inheritance-realized-lineages}"
"parts\part3_faithful_classical_realization.tex","966","\begin{manualtheorem}[ST4: Standing conservation / no standing-neutral drift on realized lineages]"
"parts\part3_faithful_classical_realization.tex","967","\phantomsection\manualcurrentlabel{ST4}\label{thm:st4-standing-conservation-realized-lineages}"
"parts\part3_faithful_classical_realization.tex","975","\begin{manualproposition}[ST5: Irreversibility of representational commitment on realized lineages]"
"parts\part3_faithful_classical_realization.tex","976","\phantomsection\manualcurrentlabel{ST5}\label{prop:st5-irreversibility-representational-commitment}"
"parts\part3_faithful_classical_realization.tex","986","\begin{corollary}[No temporary standing-bearing commitment on a realized lineage]\label{cor:no-temporary-standing-bearing-commitment}"
"parts\part3_faithful_classical_realization.tex","996","\label{subsec:same-scope-continuation-failure-dichotomy}"
"parts\part3_faithful_classical_realization.tex","1000","\begin{manualdefinition}[20C.0 (Finite-horizon endpoint condition)]"
"parts\part3_faithful_classical_realization.tex","1001","\phantomsection\manualcurrentlabel{20C.0}\label{def:finite-horizon-endpoint-condition}"
"parts\part3_faithful_classical_realization.tex","1005","\begin{manualtheorem}[20C.0A (Finite-horizon failure induces a same-scope endpoint condition)]"
"parts\part3_faithful_classical_realization.tex","1006","\phantomsection\manualcurrentlabel{20C.0A}\label{thm:finite-horizon-failure-induces-endpoint-condition}"
"parts\part3_faithful_classical_realization.tex","1014","\begin{manualproposition}[20C.1 (Exterior same-scope endpointhood is terminal standing failure)]"
"parts\part3_faithful_classical_realization.tex","1015","\phantomsection\manualcurrentlabel{20C.1}\label{prop:exterior-endpoint-standing-failure}"
"parts\part3_faithful_classical_realization.tex","1023","\begin{manualproposition}[20C.2 (Terminal standing failure cannot complete a same-scope realized endpoint)]"
"parts\part3_faithful_classical_realization.tex","1024","\phantomsection\manualcurrentlabel{20C.2}\label{prop:terminal-standing-failure-no-endpoint}"
"parts\part3_faithful_classical_realization.tex","1035","\begin{manualtheorem}[20C (Same-scope realized-lineage status trichotomy and collapse)]"
"parts\part3_faithful_classical_realization.tex","1036","\phantomsection\manualcurrentlabel{20C}\label{thm:same-scope-continuation-failure-dichotomy}"
"parts\part3_faithful_classical_realization.tex","1059","\phantomsection\manualcurrentlabel{20C.3}\label{cor:no-third-same-scope-endpoint-status}\label{cor:outside-admissible-collapse-standing-failure}"
"parts\part3_faithful_classical_realization.tex","1068","\begin{manualtheorem}[20C.4 (Counterexample soundness for fixed same-scope endpoints)]"
"parts\part3_faithful_classical_realization.tex","1069","\phantomsection\manualcurrentlabel{20C.4}\label{thm:counterexample-soundness-fixed-same-scope}"
"parts\part3_faithful_classical_realization.tex","1087","\section{Transfer Steps VI--VII (impossibility and endpoint): no singular image and the official periodic theorem}\label{sec:singular-images-official-theorem}"
"parts\part3_faithful_classical_realization.tex","1092","\begin{definition}[Classical singular image]\label{def:classical-singular-image}"
"parts\part3_faithful_classical_realization.tex","1098","\begin{definition}[Breakdown witness]\label{def:breakdown-witness}"
"parts\part3_faithful_classical_realization.tex","1106","\begin{definition}[Branch-forcing set of a breakdown witness]\label{def:branch-forcing-set}"
"parts\part3_faithful_classical_realization.tex","1122","\begin{theorem}[Constructive diagnostic branch forcing from breakdown witnesses]\label{thm:constructive-branch-forcing}"
"parts\part3_faithful_classical_realization.tex","1175","\begin{lemma}[Branch assignment for breakdown witnesses]\label{lem:breakdown-branch-assignment}"
"parts\part3_faithful_classical_realization.tex","1189","\begin{definition}[Singular-candidate extractor]\label{def:singular-candidate-extractor}"
"parts\part3_faithful_classical_realization.tex","1198","\begin{manualproposition}[21.6A (Standing-positive same-scope witness exhaustion for finite-time breakdown)]"
"parts\part3_faithful_classical_realization.tex","1199","\phantomsection\manualcurrentlabel{21.6A}\label{prop:same-scope-witness-exhaustion}"
"parts\part3_faithful_classical_realization.tex","1211","\begin{lemma}[Constructive singular-candidate extraction]\label{lem:singular-image-induces-typed-candidate}"
"parts\part3_faithful_classical_realization.tex","1223","\begin{proposition}[No illicit singular image]\label{prop:no-illicit-singular-image}"
"parts\part3_faithful_classical_realization.tex","1237","\begin{proposition}[No quotient-visible singular image]\label{prop:no-quotient-visible-singular-image}"
"parts\part3_faithful_classical_realization.tex","1255","\begin{theorem}[Transfer impossibility: no singular image of the unique admissible interior]\label{thm:no-singular-image-certified-interior}"
"parts\part3_faithful_classical_realization.tex","1278","\begin{corollary}[Transfer endpoint on the realized class: global smoothness]\label{cor:global-smoothness-realized-class}"
"parts\part3_faithful_classical_realization.tex","1292","\begin{proposition}[Full-class reduction of the official periodic theorem]\label{prop:full-class-reduction-official}"
"parts\part3_faithful_classical_realization.tex","1308","\begin{proposition}[Compressed dependency chain for the official periodic theorem]\label{prop:compressed-dependency-chain-official}"
"parts\part3_faithful_classical_realization.tex","1329","\begin{remark}[Detailed audit versus short visible proof spine]\label{rem:detail-vs-short-spine}"
"parts\part3_faithful_classical_realization.tex","1334","\begin{theorem}[Primitive-to-classical transfer cascade for the official periodic theorem]\label{thm:primitive-to-classical-transfer-cascade}"
"parts\part3_faithful_classical_realization.tex","1352","\phantomsection\manualcurrentlabel{21A}\label{cor:official-periodic-structural-corollary}"
"parts\part3_faithful_classical_realization.tex","1360","\begin{remark}[Endpoint numbering convention]\label{rem:endpoint-numbering-convention}"
"parts\part3_faithful_classical_realization.tex","1364","\begin{theorem}[Official periodic theorem on $\T^3$ (Fefferman (B); official classical restatement of Corollary~21A)]\label{thm:official-periodic-pde-theorem}"
"parts\part3_faithful_classical_realization.tex","1375","\begin{remark}[Classical statement, structural claim type]\label{rem:official-theorem-proof-modality}"
"parts\part3_faithful_classical_realization.tex","1393","\begin{corollary}[No finite-time blow-up on the official periodic carrier]\label{cor:no-finite-time-blowup-official-carrier}"
